<?xml version="1.0" encoding="UTF-8"?>
<!DOCTYPE suite SYSTEM "http://testng.org/testng-1.0.dtd">
<suite thread-count="1" name="Suite" parallel="false"
	preserve-order="true">
	<test name="FaceBook Test">
		<classes>
			<class name="actions.FacebookTest" />
		</classes>
	</test>

	<test name="Wallethub Test">
		<classes>
			<class name="actions.WallethubTest" />
		</classes>
	</test>
	
</suite> <!-- Suite -->
<!-- <class name="actions.LoginTestSuite" /> <class name="actions.BuyAirtimeTestSuite" 
	/> <class name="actions.SavedPaymentSuite" /> <class name="actions.HomeScreenTestSuite" 
	/> <class name="actions.RecurringTransactionFlow" /> -->